acceleration:x,y,z,Orientation:yaw,pitch,roll,PredGravityX,PredGravityY,PredGravityZ
0.492081, 0.0687103, -9.81509, 2.90775, -0.0281917, -3.11618, 0.276244, 0.248963, -9.79294
0.451614, 0.104416, -9.89603, 2.90775, -0.0281917, -3.11618, 0.276244, 0.248963, -9.79294
0.451614, 0.104416, -9.89603, 2.90749, -0.025887, -3.11795, 0.253662, 0.231576, -9.79398
0.48494, 0.187729, -10.015, 2.9069, -0.0246283, -3.11893, 0.241332, 0.222039, -9.79451
0.427811, 0.171066, -10.0174, 2.9069, -0.0246283, -3.11893, 0.241332, 0.222039, -9.79451
0.427811, 0.171066, -10.0174, 2.90769, -0.0239101, -3.11874, 0.234296, 0.223845, -9.79464
0.406387, 0.182968, -10.015, 2.90881, -0.0226764, -3.11845, 0.222207, 0.226765, -9.79486
0.325455, 0.0782318, -10.0222, 2.90881, -0.0226764, -3.11845, 0.222207, 0.226765, -9.79486
0.325455, 0.0782318, -10.0222, 2.90966, -0.0205966, -3.11865, 0.20183, 0.224772, -9.79534
0.315933, 0.0401459, -9.91983, 2.90966, -0.0205966, -3.11865, 0.20183, 0.224772, -9.79534
0.315933, 0.0401459, -9.91983, 2.91129, -0.0179154, -3.11979, 0.175563, 0.213609, -9.7961
0.180252, -0.00984192, -9.92935, 2.91274, -0.0152031, -3.12099, 0.148983, 0.201857, -9.79679
0.132645, 0.106796, -10.0174, 2.91274, -0.0152031, -3.12099, 0.148983, 0.201857, -9.79679
0.194534, -0.0288849, -10.0484, 2.91245, -0.0119552, -3.12193, 0.117157, 0.192719, -9.7974
0.194534, -0.0288849, -10.0484, 2.91098, -0.0085189, -3.12191, 0.0834828, 0.192846, -9.79775
0.118362, -0.00270081, -10.0008, 2.90839, -0.00567875, -3.12217, 0.0556522, 0.190296, -9.79799
0.180252, 0.137741, -9.88651, 2.90815, -0.00317008, -3.12264, 0.031066, 0.185729, -9.79819
0.0945587, 0.154404, -9.73892, 2.90815, -0.00317008, -3.12264, 0.031066, 0.185729, -9.79819
0.0945587, 0.154404, -9.73892, 2.90821, -0.00138661, -3.12259, 0.0135882, 0.186237, -9.79822
0.0350494, 0.12822, -9.73654, 2.9083, -8.32891e-005, -3.1222, 0.00081668, 0.19, -9.79816
0.0874176, 0.092514, -9.79843, 2.90835, 0.00134904, -3.12192, -0.0132205, 0.192781, -9.79809
0.125504, 0.159164, -9.88412, 2.90835, 0.00134904, -3.12192, -0.0132205, 0.192781, -9.79809
0.106461, 0.0782318, -9.75558, 2.90905, 0.00328215, -3.12233, -0.0321644, 0.188747, -9.79813
0.106461, 0.0782318, -9.75558, 2.90905, 0.00328215, -3.12233, -0.0321644, 0.188747, -9.79813
0.106461, 0.0877533, -9.66275, 2.9099, 0.00453227, -3.12353, -0.0444161, 0.177003, -9.7983
0.0207672, 0.290085, -9.76749, 2.9099, 0.00453227, -3.12353, -0.0444161, 0.177003, -9.7983
-0.0411224, 0.137741, -9.69131, 2.91267, 0.00532263, -3.12447, -0.0521617, 0.167756, -9.79843
0.0326691, 0.0901337, -9.67227, 2.91267, 0.00532263, -3.12447, -0.0521617, 0.167756, -9.79843
0.0326691, 0.0901337, -9.67227, 2.91322, 0.00621635, -3.12466, -0.0609193, 0.165959, -9.79841
-0.0792084, 0.175827, -9.61276, 2.91382, 0.00746897, -3.12514, -0.0731953, 0.161248, -9.7984
-0.179184, 0.230576, -9.51517, 2.91382, 0.00746897, -3.12514, -0.0731953, 0.161248, -9.7984
-0.179184, 0.230576, -9.51517, 2.91382, 0.00746897, -3.12514, -0.0731953, 0.161248, -9.7984
-0.179184, 0.230576, -9.51517, 2.91382, 0.00746897, -3.12514, -0.0731953, 0.161248, -9.7984
-0.179184, 0.230576, -9.51517, 2.91382, 0.00746897, -3.12514, -0.0731953, 0.161248, -9.7984
-0.34343, 0.104416, -9.11288, 2.91491, 0.0092043, -3.12499, -0.0902006, 0.16274, -9.79823
-0.533859, 0.209152, -8.87723, 2.91555, 0.0164928, -3.12366, -0.161621, 0.17575, -9.79709
-1.03612, 0.121078, -7.48471, 2.91321, 0.0337585, -3.11821, -0.33077, 0.229006, -9.79174
-1.37889, 0.0710907, -6.79202, 2.91229, 0.0440983, -3.11357, -0.432023, 0.274346, -9.78663
-1.37889, 0.0710907, -6.79202, 2.91229, 0.0440983, -3.11357, -0.432023, 0.274346, -9.78663
-0.850449, -0.466873, -5.95413, 2.91018, 0.0567091, -3.10709, -0.55545, 0.337536, -9.77842
-0.850449, -0.466873, -5.95413, 2.90682, 0.0710153, -3.09952, -0.695365, 0.411116, -9.76665
-0.762375, -0.00984192, -5.93271, 2.90289, 0.0840804, -3.09126, -0.823018, 0.491309, -9.75301
-0.98851, -0.0503082, -5.74466, 2.90289, 0.0840804, -3.09126, -0.823018, 0.491309, -9.75301
-0.98851, -0.0503082, -5.74466, 2.89686, 0.0942225, -3.08092, -0.922015, 0.591583, -9.73858
-0.650497, -0.100296, -5.28049, 2.88802, 0.104143, -3.06934, -1.01875, 0.703591, -9.72148
-0.562424, -0.50972, -4.97342, 2.88802, 0.104143, -3.06934, -1.01875, 0.703591, -9.72148
-0.562424, -0.50972, -4.97342, 2.87909, 0.117356, -3.0581, -1.14745, 0.811631, -9.69869
-0.66478, -0.0669708, -5.23526, 2.87066, 0.134941, -3.04744, -1.31841, 0.913004, -9.6679
-0.66478, -0.0669708, -5.23526, 2.87066, 0.134941, -3.04744, -1.31841, 0.913004, -9.6679
-0.245834, 0.104416, -6.58493, 2.86054, 0.155399, -3.03664, -1.51679, 1.01428, -9.62863
-0.231552, -0.290726, -7.0015, 2.85012, 0.174489, -3.02894, -1.70133, 1.08497, -9.59001
-0.398178, -1.37856, -6.82535, 2.85012, 0.174489, -3.02894, -1.70133, 1.08497, -9.59001
-0.398178, -1.37856, -6.82535, 2.84465, 0.189511, -3.02981, -1.84611, 1.07359, -9.56448
-0.436264, -0.740616, -8.30118, 2.84465, 0.189511, -3.02981, -1.84611, 1.07359, -9.56448
-0.4077, 0.744736, -10.453, 2.84888, 0.200208, -3.06268, -1.94896, 0.757154, -9.57436
-0.855209, -0.347855, -10.8934, 2.84935, 0.185962, -3.07922, -1.81194, 0.600371, -9.61231
-1.20274, -1.96175, -10.2912, 2.84269, 0.158264, -3.08974, -1.54452, 0.501584, -9.66452
-1.20274, -1.96175, -10.2912, 2.84269, 0.158264, -3.08974, -1.54452, 0.501584, -9.66452
-1.20274, -1.96175, -10.2912, 2.84269, 0.158264, -3.08974, -1.54452, 0.501584, -9.66452
-0.595749, 0.861374, -13.5213, 2.83539, 0.14134, -3.10133, -1.38053, 0.390579, -9.69441
-1.02184, -0.390701, -12.5739, 2.82601, 0.0924388, -3.13944, -0.90461, 0.0210204, -9.75814
-0.976608, -1.56184, -11.9741, 2.82601, 0.0924388, -3.13944, -0.90461, 0.0210204, -9.75814
-0.057785, -0.547806, -13.1238, 2.81562, 0.0555586, 3.11303, -0.544193, -0.279461, -9.78089
-0.057785, -0.547806, -13.1238, 2.81562, 0.0555586, 3.11303, -0.544193, -0.279461, -9.78089
0.392105, 0.935165, -13.5166, 2.81574, 0.0415801, 3.08832, -0.407368, -0.521383, -9.77764
0.392105, 0.935165, -13.5166, 2.81574, 0.0415801, 3.08832, -0.407368, -0.521383, -9.77764
0.392105, 0.935165, -13.5166, 2.81574, 0.0415801, 3.08832, -0.407368, -0.521383, -9.77764
-0.507675, -0.673965, -13.0714, 2.81574, 0.0415801, 3.08832, -0.407368, -0.521383, -9.77764
-0.383896, -1.17622, -12.4478, 2.81087, 0.00886131, 3.06271, -0.0868419, -0.772194, -9.76914
0.0802765, -0.495438, -13.2285, 2.80925, -0.00241326, 3.04822, 0.0236491, -0.913706, -9.75728
-0.312485, -1.18098, -12.8858, 2.80685, -0.0235653, 3.02016, 0.23092, -1.1868, -9.72513
-0.0887299, -1.02864, -12.4644, 2.80685, -0.0235653, 3.02016, 0.23092, -1.1868, -9.72513
0.299271, -0.816788, -12.4002, 2.80484, -0.0348313, 3.00103, 0.341277, -1.37214, -9.69746
0.299271, -0.816788, -12.4002, 2.80484, -0.0348313, 3.00103, 0.341277, -1.37214, -9.69746
0.149307, -1.14052, -12.0193, 2.80508, -0.0435445, 2.98971, 0.426601, -1.48132, -9.678
0.070755, -1.14528, -12.0574, 2.80484, -0.0529967, 2.97825, 0.519122, -1.59146, -9.65597
0.070755, -1.14528, -12.0574, 2.80484, -0.0529967, 2.97825, 0.519122, -1.59146, -9.65597
0.201675, -1.14528, -12.5501, 2.80537, -0.057438, 2.96939, 0.562585, -1.67647, -9.63914
0.201675, -1.14528, -12.5501, 2.80631, -0.0582798, 2.96278, 0.570817, -1.74013, -9.62736
0.0945587, -1.20479, -12.5763, 2.80631, -0.0582798, 2.96278, 0.570817, -1.74013, -9.62736
0.139786, -1.3119, -12.3121, 2.80631, -0.0582798, 2.96278, 0.570817, -1.74013, -9.62736
0.139786, -1.3119, -12.3121, 2.80804, -0.0578238, 2.9562, 0.566355, -1.80348, -9.61596
0.270706, -0.857254, -12.393, 2.8107, -0.0568756, 2.9518, 0.557083, -1.84588, -9.60845
0.382584, -0.735855, -12.8096, 2.8107, -0.0568756, 2.9518, 0.557083, -1.84588, -9.60845
0.384964, -0.609695, -13.1238, 2.81319, -0.0540529, 2.94835, 0.529461, -1.8793, -9.60354
0.384964, -0.609695, -13.1238, 2.81282, -0.048676, 2.94902, 0.476835, -1.87336, -9.60745
0.299271, -0.740616, -13.3023, 2.81282, -0.048676, 2.94902, 0.476835, -1.87336, -9.60745
0.315933, -0.781082, -13.469, 2.80841, -0.0384007, 2.95547, 0.376234, -1.81214, -9.62365
0.318314, -0.662064, -13.5808, 2.80841, -0.0384007, 2.95547, 0.376234, -1.81214, -9.62365
0.318314, -0.662064, -13.5808, 2.80964, -0.0345402, 2.95562, 0.338424, -1.81094, -9.62528
0.432571, -0.528763, -14.0212, 2.81414, -0.0299009, 2.95218, 0.292984, -1.84431, -9.62043
0.637283, -0.726334, -14.4378, 2.81938, -0.0253905, 2.94427, 0.248801, -1.92064, -9.60673
0.637283, -0.726334, -14.4378, 2.81938, -0.0253905, 2.94427, 0.248801, -1.92064, -9.60673
0.644424, -1.06911, -14.821, 2.82444, -0.0248643, 2.93636, 0.243644, -1.99654, -9.59138
0.644424, -1.06911, -14.821, 2.82444, -0.0248643, 2.93636, 0.243644, -1.99654, -9.59138
0.651566, -0.781082, -14.6044, 2.82746, -0.0249319, 2.93606, 0.244308, -1.99942, -9.59076
0.389725, -1.2762, -14.3259, 2.82746, -0.0249319, 2.93606, 0.244308, -1.99942, -9.59076
0.544449, -2.03554, -13.607, 2.82722, -0.0169022, 2.9533, 0.165635, -1.83416, -9.62541
0.68013, -2.62349, -13.1952, 2.82959, -0.0140668, 2.95372, 0.137851, -1.8302, -9.6266
0.68013, -2.62349, -13.1952, 2.82959, -0.0140668, 2.95372, 0.137851, -1.8302, -9.6266
0.734879, -2.85677, -13.1381, 2.83168, -0.00973338, 2.94679, 0.0953871, -1.89693, -9.61419
0.822952, -3.17097, -13.4237, 2.82828, -0.00301336, 2.94396, 0.0295309, -1.92422, -9.60919
0.822952, -3.17097, -13.4237, 2.82828, -0.00301336, 2.94396, 0.0295309, -1.92422, -9.60919
0.732498, -3.12813, -12.4216, 2.82164, -0.000552656, 2.94947, 0.00541722, -1.87121, -9.6197
0.630142, -4.03267, -10.1936, 2.81531, -0.00465013, 2.96036, 0.045571, -1.76634, -9.6394
0.401627, -3.90413, -10.1841, 2.80332, -0.00815419, 2.97179, 0.0799123, -1.65602, -9.65874
0.68251, -3.24715, -10.0698, 2.80332, -0.00815419, 2.97179, 0.0799123, -1.65602, -9.65874
0.68251, -3.24715, -10.0698, 2.80017, -0.00278938, 2.98599, 0.0273364, -1.51872, -9.68157
0.675369, -3.27095, -9.42471, 2.79822, 0.00426803, 3.00791, -0.0418251, -1.30622, -9.71247
0.265945, -3.1924, -8.76535, 2.79526, 0.0111829, 3.03133, -0.109588, -1.07833, -9.73988
0.265945, -3.1924, -8.76535, 2.79526, 0.0111829, 3.03133, -0.109588, -1.07833, -9.73988
0.0683746, -3.14241, -8.34164, 2.79387, 0.0208069, 3.05729, -0.203896, -0.82497, -9.76309
-0.162521, -2.90437, -8.40115, 2.79248, 0.0354481, 3.08222, -0.347318, -0.58116, -9.77659
-0.274399, -2.68538, -8.12265, 2.79248, 0.0354481, 3.08222, -0.347318, -0.58116, -9.77659
-0.448166, -2.09267, -7.72275, 2.78758, 0.0637216, 3.11423, -0.624049, -0.267617, -9.77645
-0.652878, -1.09291, -7.88223, 2.78758, 0.0637216, 3.11423, -0.624049, -0.267617, -9.77645
-0.652878, -1.09291, -7.88223, 2.78563, 0.0732508, 3.12358, -0.717217, -0.175999, -9.77213
-0.98613, -0.581131, -7.51089, 2.78476, 0.0812834, 3.13281, -0.7957, -0.0857588, -9.76727
-1.06944, -0.543045, -7.73227, 2.78476, 0.0812834, 3.13281, -0.7957, -0.0857588, -9.76727
-1.06944, -0.543045, -7.73227, 2.78277, 0.0910799, -3.14008, -0.891349, 0.0147352, -9.75937
-1.12657, -0.564468, -8.01791, 2.78277, 0.0910799, -3.14008, -0.891349, 0.0147352, -9.75937
-0.788559, -0.0312653, -8.67014, 2.77914, 0.102426, -3.13257, -1.00202, 0.0880027, -9.74824
-0.788559, -0.0312653, -8.67014, 2.77734, 0.112114, -3.12961, -1.09642, 0.116669, -9.73777
-1.21227, 0.844711, -8.69156, 2.77788, 0.117832, -3.12435, -1.15208, 0.167833, -9.7306
-1.2932, 0.637619, -8.54398, 2.77788, 0.117832, -3.12435, -1.15208, 0.167833, -9.7306
-1.2932, 0.637619, -8.54398, 2.77685, 0.120414, -3.10937, -1.1772, 0.313411, -9.72399
-1.08134, 0.168686, -8.27737, 2.77685, 0.120414, -3.10937, -1.1772, 0.313411, -9.72399
-1.16704, 0.0211029, -7.90842, 2.77305, 0.12369, -3.089, -1.20907, 0.511232, -9.71168
-0.874252, 0.939926, -7.81558, 2.76786, 0.129697, -3.07106, -1.26747, 0.684834, -9.69353
-0.874252, 0.939926, -7.81558, 2.76501, 0.139528, -3.05924, -1.36294, 0.798328, -9.67187
-0.914719, 1.17082, -7.79416, 2.7659, 0.150844, -3.04891, -1.47267, 0.896701, -9.64713
-1.21703, 0.954208, -7.4133, 2.76616, 0.159973, -3.03399, -1.56106, 1.03908, -9.61891
-1.21703, 0.954208, -7.4133, 2.76616, 0.159973, -3.03399, -1.56106, 1.03908, -9.61891
-1.24083, 0.530502, -6.98007, 2.76616, 0.159973, -3.03399, -1.56106, 1.03908, -9.61891
-1.48839, 0.628098, -6.22311, 2.7629, 0.173757, -2.99811, -1.69426, 1.38023, -9.55324
-1.62883, 0.842331, -5.61374, 2.7629, 0.173757, -2.99811, -1.69426, 1.38023, -9.55324
-1.77403, 1.04228, -5.12338, 2.76161, 0.187642, -2.97072, -1.82812, 1.63714, -9.48777
-1.77403, 1.04228, -5.12338, 2.76161, 0.187642, -2.97072, -1.82812, 1.63714, -9.48777
-1.79308, 0.661423, -4.13077, 2.76131, 0.194751, -2.95863, -1.89652, 1.74938, -9.45425
-1.79308, 0.661423, -4.13077, 2.76131, 0.194751, -2.95863, -1.89652, 1.74938, -9.45425
-1.73595, 1.35649, -2.6716, 2.75964, 0.203701, -2.94883, -1.9825, 1.83854, -9.41963
-1.74309, 1.79686, -2.6716, 2.75665, 0.214928, -2.94384, -2.09011, 1.88108, -9.38792
-1.80736, 1.47313, -2.32883, 2.75479, 0.223281, -2.94231, -2.17001, 1.89193, -9.36758
-1.80736, 1.47313, -2.32883, 2.75572, 0.224624, -2.94116, -2.18285, 1.90212, -9.36254
-1.65025, 0.687607, -2.20029, 2.75912, 0.22079, -2.94154, -2.14621, 1.90016, -9.3714
-1.65025, 0.687607, -2.20029, 2.75912, 0.22079, -2.94154, -2.14621, 1.90016, -9.3714
-1.65025, 0.687607, -2.20029, 2.75912, 0.22079, -2.94154, -2.14621, 1.90016, -9.3714
-1.62883, 0.285324, -2.95486, 2.75912, 0.22079, -2.94154, -2.14621, 1.90016, -9.3714
-1.38603, -0.212173, -3.59518, 2.76229, 0.206834, -2.95864, -2.01255, 1.74494, -9.43106
-1.06706, -0.105057, -4.89487, 2.76242, 0.194892, -2.97937, -1.89787, 1.55287, -9.48824
-1.16466, 0.425766, -5.25906, 2.76374, 0.181727, -3.00249, -1.77114, 1.33648, -9.54552
-1.23131, 0.309128, -5.98746, 2.76475, 0.171161, -3.02285, -1.6692, 1.14396, -9.5888
-0.73381, -0.643021, -6.45877, 2.76475, 0.171161, -3.02285, -1.6692, 1.14396, -9.5888
-0.73381, -0.643021, -6.45877, 2.76303, 0.162358, -3.03955, -1.58413, 0.985165, -9.62081
0.10408, -1.44997, -7.51566, 2.75822, 0.149532, -3.05585, -1.45996, 0.829922, -9.65504
0.223099, -0.0836334, -8.79391, 2.75822, 0.149532, -3.05585, -1.45996, 0.829922, -9.65504
0.223099, -0.0836334, -8.79391, 2.75414, 0.131784, -3.07876, -1.28774, 0.610055, -9.69585
-0.188705, 0.618576, -9.56039, 2.75313, 0.111629, -3.10413, -1.09169, 0.364773, -9.73217
0.299271, -0.364517, -10.7458, 2.75313, 0.111629, -3.10413, -1.09169, 0.364773, -9.73217
0.299271, -0.364517, -10.7458, 2.75102, 0.0916659, -3.12298, -0.897068, 0.18162, -9.75717
0.325455, -0.333572, -11.8122, 2.74667, 0.0729726, -3.14015, -0.714497, 0.014093, -9.77391
0.492081, -0.271683, -11.6551, 2.74667, 0.0729726, -3.14015, -0.714497, 0.014093, -9.77391
0.492081, -0.271683, -11.6551, 2.7429, 0.0579439, 3.12325, -0.567533, -0.179412, -9.78191
1.03481, -0.602554, -13.1524, 2.74096, 0.0466513, 3.10498, -0.457016, -0.358361, -9.78278
1.12526, -0.495438, -14.6401, 2.74102, 0.0344504, 3.08884, -0.337547, -0.516395, -9.78056
0.7444, -0.738235, -15.2423, 2.74102, 0.0344504, 3.08884, -0.337547, -0.516395, -9.78056
0.7444, -0.738235, -15.2423, 2.74355, 0.0179639, 3.07391, -0.176038, -0.662696, -9.77598
0.7444, -0.738235, -15.2423, 2.74355, 0.0179639, 3.07391, -0.176038, -0.662696, -9.77598
0.189774, -1.43806, -15.5946, 2.74355, 0.0179639, 3.07391, -0.176038, -0.662696, -9.77598
0.111221, -1.21193, -15.5542, 2.74626, 0.000175685, 3.05799, -0.00171908, -0.818385, -9.76577
0.111221, -1.21193, -15.5542, 2.74911, -0.0112057, 3.04134, 0.109813, -0.980791, -9.75018
0.0731354, -1.88319, -14.89, 2.75488, -0.0248112, 3.02225, 0.243124, -1.16646, -9.72729
0.0731354, -1.88319, -14.89, 2.75488, -0.0248112, 3.02225, 0.243124, -1.16646, -9.72729
-0.0673065, -2.10695, -13.6023, 2.75573, -0.0319659, 3.0149, 0.31321, -1.23762, -9.71649
-0.0673065, -2.10695, -13.6023, 2.75573, -0.0319659, 3.0149, 0.31321, -1.23762, -9.71649
0.0183868, -1.46663, -13.2047, 2.75573, -0.0319659, 3.0149, 0.31321, -1.23762, -9.71649
0.0659943, -0.83107, -13.2381, 2.76369, -0.0343453, 2.98597, 0.336517, -1.51803, -9.67586
0.470657, -1.54994, -12.6739, 2.76369, -0.0343453, 2.98597, 0.336517, -1.51803, -9.67586
0.556351, -1.71181, -11.9955, 2.77036, -0.0372194, 2.98016, 0.364666, -1.5741, -9.66588
0.394485, -1.49043, -11.4123, 2.77036, -0.0372194, 2.98016, 0.364666, -1.5741, -9.66588
0.394485, -1.49043, -11.4123, 2.77339, -0.0401189, 2.97824, 0.39306, -1.59246, -9.66176
0.289749, -1.34523, -10.8101, 2.77631, -0.043604, 2.97546, 0.427185, -1.61905, -9.65589
0.308792, -1.31429, -10.7649, 2.77837, -0.046573, 2.97467, 0.456248, -1.6265, -9.65331
0.154068, -1.31429, -10.703, 2.77837, -0.046573, 2.97467, 0.456248, -1.6265, -9.65331
0.154068, -1.31429, -10.703, 2.78147, -0.0486478, 2.9778, 0.476559, -1.59607, -9.6574
-0.129196, -1.86415, -10.146, 2.78451, -0.0487401, 2.98324, 0.477466, -1.54354, -9.66589
-0.243454, -2.06886, -9.78177, 2.78702, -0.0467515, 2.98655, 0.457996, -1.51164, -9.67188
-0.243454, -2.06886, -9.78177, 2.78702, -0.0467515, 2.98655, 0.457996, -1.51164, -9.67188
-0.488632, -1.68324, -9.84128, 2.78984, -0.0442982, 2.98753, 0.433984, -1.50242, -9.67442
-0.874252, -1.85939, -9.54373, 2.79194, -0.0431521, 2.98991, 0.422759, -1.47943, -9.67846
-1.21465, -1.81892, -9.28665, 2.79345, -0.0418427, 2.99478, 0.409936, -1.43235, -9.68609
-1.40746, -1.90462, -9.16763, 2.79475, -0.0381415, 2.99873, 0.373697, -1.39428, -9.69311
-1.72166, -1.61659, -9.62228, 2.79475, -0.0381415, 2.99873, 0.373697, -1.39428, -9.69311
-2.52385, -1.26906, -9.89127, 2.79682, -0.0314644, 2.99893, 0.308299, -1.39268, -9.69564
-2.52385, -1.26906, -9.89127, 2.80038, -0.0232793, 2.99693, 0.228117, -1.41236, -9.69501
-3.02611, -1.21669, -9.86984, 2.80316, -0.0142214, 2.99742, 0.139367, -1.40786, -9.69735
-3.12608, -1.21907, -10.6268, 2.80377, -0.00372349, 3.0011, 0.0364914, -1.37228, -9.70338
-3.12608, -1.21907, -10.6268, 2.80377, -0.00372349, 3.0011, 0.0364914, -1.37228, -9.70338
-3.476, -1.75941, -10.9529, 2.80022, 0.00608703, 3.00682, -0.0596538, -1.31678, -9.71095
-3.76878, -1.80702, -10.8648, 2.80022, 0.00608703, 3.00682, -0.0596538, -1.31678, -9.71095
-4.13536, -1.85701, -10.7791, 2.79414, 0.0106235, 3.01208, -0.104106, -1.2656, -9.71738
-4.13536, -1.85701, -10.7791, 2.78757, 0.0130211, 3.01738, -0.127602, -1.21407, -9.72367
-4.12584, -2.02364, -10.7363, 2.7753, 0.0186547, 3.02617, -0.182808, -1.12843, -9.7331
-3.79259, -1.78322, -10.9077, 2.76297, 0.0277498, 3.03168, -0.271912, -1.07462, -9.73711
-3.56883, -1.87605, -10.9386, 2.7462, 0.0416743, 3.03579, -0.408292, -1.03401, -9.73674
-3.56883, -1.87605, -10.9386, 2.7462, 0.0416743, 3.03579, -0.408292, -1.03401, -9.73674
-3.27843, -1.80464, -10.8196, 2.72318, 0.0560619, 3.03945, -0.54912, -0.997683, -9.73361
-3.27843, -1.80464, -10.8196, 2.72318, 0.0560619, 3.03945, -0.54912, -0.997683, -9.73361
-3.05467, -2.02602, -10.2483, 2.70526, 0.0619393, 3.04292, -0.606617, -0.963532, -9.73363
-2.65715, -2.38069, -10.3816, 2.68222, 0.0661908, 3.04777, -0.648196, -0.916071, -9.73554
-2.06444, -2.38545, -10.4268, 2.68222, 0.0661908, 3.04777, -0.648196, -0.916071, -9.73554
-2.06444, -2.38545, -10.4268, 2.65652, 0.0738091, 3.05085, -0.722673, -0.88563, -9.73311
-1.28606, -2.35213, -10.2507, 2.65652, 0.0738091, 3.05085, -0.722673, -0.88563, -9.73311
0.175491, -2.01411, -10.8839, 2.62727, 0.0858083, 3.05316, -0.839891, -0.86236, -9.72579
0.175491, -2.01411, -10.8839, 2.60823, 0.093661, 3.05519, -0.916536, -0.842024, -9.72065
0.42067, -1.99983, -10.8625, 2.58494, 0.0979215, 3.06333, -0.958099, -0.762536, -9.7232
0.377823, -2.04982, -9.79367, 2.58494, 0.0979215, 3.06333, -0.958099, -0.762536, -9.7232
1.011, -1.57613, -9.61038, 2.5607, 0.0960589, 3.07652, -0.93993, -0.634299, -9.73418
1.011, -1.57613, -9.61038, 2.53672, 0.0961696, 3.08779, -0.94101, -0.524625, -9.7406
2.32497, -1.25954, -9.97458, 2.53672, 0.0961696, 3.08779, -0.94101, -0.524625, -9.7406
2.77724, -0.709671, -9.66275, 2.49945, 0.107491, 3.09906, -1.05138, -0.41433, -9.73463
2.77724, -0.709671, -9.66275, 2.49945, 0.107491, 3.09906, -1.05138, -0.41433, -9.73463
2.78914, -0.378799, -9.2081, 2.48469, 0.107755, 3.10904, -1.05396, -0.317139, -9.738
3.26045, -0.281204, -8.81296, 2.47022, 0.104867, 3.12149, -1.02581, -0.195911, -9.74419
3.95314, -0.19313, -8.67966, 2.47022, 0.104867, 3.12149, -1.02581, -0.195911, -9.74419
4.09596, -0.276443, -8.50589, 2.45809, 0.101014, 3.13196, -0.988257, -0.0939124, -9.74959
4.09596, -0.276443, -8.50589, 2.44901, 0.0967858, 3.14075, -0.94702, -0.00817261, -9.75413
4.08406, -0.140762, -8.53445, 2.44133, 0.0925688, -3.13572, -0.905878, 0.0573222, -9.75787
4.51967, 0.392441, -8.54874, 2.4346, 0.0869228, -3.13037, -0.850771, 0.109535, -9.76239
4.51967, 0.392441, -8.54874, 2.4346, 0.0869228, -3.13037, -0.850771, 0.109535, -9.76239
4.88148, 0.347214, -8.63205, 2.42985, 0.0784894, -3.12445, -0.768406, 0.167495, -9.76839
4.93385, 0.911362, -8.8201, 2.42985, 0.0784894, -3.12445, -0.768406, 0.167495, -9.76839
4.70772, 0.866135, -8.61777, 2.42935, 0.0632177, -3.11329, -0.619121, 0.276781, -9.77651
4.79341, 0.801865, -8.6011, 2.42935, 0.0632177, -3.11329, -0.619121, 0.276781, -9.77651
4.79341, 0.801865, -8.6011, 2.43364, 0.0595638, -3.10759, -0.583379, 0.3326, -9.77697
4.94337, 1.0042, -8.79868, 2.43364, 0.0595638, -3.10759, -0.583379, 0.3326, -9.77697
4.94337, 1.0042, -8.79868, 2.43364, 0.0595638, -3.10759, -0.583379, 0.3326, -9.77697
4.78389, 1.23985, -8.9415, 2.44129, 0.0584092, -3.10456, -0.572085, 0.362244, -9.77658
4.55775, 0.894699, -9.21524, 2.45187, 0.0575517, -3.10487, -0.563694, 0.359245, -9.77718
4.5768, 0.228195, -9.74606, 2.46521, 0.055457, -3.10573, -0.5432, 0.350861, -9.77864
4.39351, 0.0401459, -10.1341, 2.47965, 0.0522594, -3.10589, -0.51191, 0.349295, -9.78039
4.39351, 0.0401459, -10.1341, 2.49697, 0.0492981, -3.10635, -0.482927, 0.344911, -9.78202
4.01741, 0.161545, -10.3554, 2.51764, 0.0484704, -3.10853, -0.474822, 0.323612, -9.78314
3.95076, 0.275803, -10.5816, 2.53929, 0.0488686, -3.11168, -0.478723, 0.292786, -9.78392
3.95076, 0.275803, -10.5816, 2.53929, 0.0488686, -3.11168, -0.478723, 0.292786, -9.78392
3.95076, 0.275803, -10.5816, 2.53929, 0.0488686, -3.11168, -0.478723, 0.292786, -9.78392
3.95076, 0.275803, -10.5816, 2.53929, 0.0488686, -3.11168, -0.478723, 0.292786, -9.78392
3.80556, 0.230576, -10.8529, 2.53929, 0.0488686, -3.11168, -0.478723, 0.292786, -9.78392
2.63441, -0.554947, -10.2293, 2.61332, 0.0282195, -3.09619, -0.276514, 0.4446, -9.786
2.23689, -0.493057, -10.3935, 2.64008, 0.0232502, -3.09461, -0.227833, 0.460133, -9.78654
1.70845, -0.276443, -10.6958, 2.64008, 0.0232502, -3.09461, -0.227833, 0.460133, -9.78654
1.70845, -0.276443, -10.6958, 2.6678, 0.0209514, -3.09812, -0.20531, 0.425787, -9.78859
1.1562, -0.152664, -10.5673, 2.69635, 0.0176176, -3.10146, -0.172643, 0.393098, -9.79059
0.758682, -0.404984, -10.7196, 2.72469, 0.0108787, -3.09957, -0.106609, 0.411709, -9.79077
0.392105, -0.57399, -10.6435, 2.72469, 0.0108787, -3.09957, -0.106609, 0.411709, -9.79077
0.392105, -0.57399, -10.6435, 2.75341, 0.00164635, -3.09469, -0.0161344, 0.459524, -9.78921
-0.0268402, -0.533524, -10.1269, 2.78104, -0.00629196, -3.09377, 0.0616608, 0.468453, -9.7886
-0.0268402, -0.533524, -10.1269, 2.78104, -0.00629196, -3.09377, 0.0616608, 0.468453, -9.7886
-0.0268402, -0.533524, -10.1269, 2.78104, -0.00629196, -3.09377, 0.0616608, 0.468453, -9.7886
-0.0268402, -0.533524, -10.1269, 2.78104, -0.00629196, -3.09377, 0.0616608, 0.468453, -9.7886
-0.457687, -1.01912, -9.82938, 2.80107, -0.0113039, -3.09888, 0.110775, 0.418421, -9.79044
-0.890915, -1.40236, -10.5125, 2.81137, -0.015533, -3.10672, 0.152217, 0.341622, -9.79286
-1.50029, -0.812027, -10.6244, 2.81137, -0.015533, -3.10672, 0.152217, 0.341622, -9.79286
-1.924, -1.47853, -11.986, 2.82656, -0.0209925, -3.11689, 0.20571, 0.242017, -9.79485
-1.924, -1.47853, -11.986, 2.83985, -0.020781, -3.11955, 0.203639, 0.215957, -9.7955
-2.27391, -1.55232, -12.0836, 2.83985, -0.020781, -3.11955, 0.203639, 0.215957, -9.7955
-3.2332, -1.41664, -11.8003, 2.8609, -0.0210682, -3.12171, 0.206454, 0.194781, -9.79589
-3.2332, -1.41664, -11.8003, 2.88735, -0.0213663, -3.12119, 0.209373, 0.19987, -9.79572
-3.61644, -1.52376, -11.3123, 2.88735, -0.0213663, -3.12119, 0.209373, 0.19987, -9.79572
-3.67357, -2.10695, -10.5744, 2.94172, -0.0136866, -3.1045, 0.134123, 0.363402, -9.79234
-3.70689, -1.7618, -9.7056, 2.96474, -0.00706738, -3.09161, 0.0692599, 0.489589, -9.78752
-3.70689, -1.7618, -9.7056, 2.96474, -0.00706738, -3.09161, 0.0692599, 0.489589, -9.78752
-4.39482, -1.27382, -8.84866, 2.98713, -0.000121249, -3.08116, 0.0011882, 0.591904, -9.78211
-4.19011, -0.89534, -8.74155, 2.98713, -0.000121249, -3.08116, 0.0011882, 0.591904, -9.78211
-4.99706, 0.328171, -8.21548, 3.0093, 0.00621726, -3.0726, -0.0609285, 0.675594, -9.77649
-4.99706, 0.328171, -8.21548, 3.02829, 0.00854577, -3.06396, -0.0837474, 0.760057, -9.77012
-5.95158, 0.285324, -7.31094, 3.04495, 0.00720652, -3.05671, -0.0706233, 0.830829, -9.76446
-6.17534, 0.19487, -7.02768, 3.06287, 0.00797389, -3.05441, -0.0781432, 0.853328, -9.76247
-6.17534, 0.19487, -7.02768, 3.06287, 0.00797389, -3.05441, -0.0781432, 0.853328, -9.76247
-6.49193, -0.885818, -7.43472, 3.08115, 0.0123701, -3.05432, -0.121224, 0.854123, -9.76196
-6.67522, -2.22359, -7.81082, 3.08115, 0.0123701, -3.05432, -0.121224, 0.854123, -9.76196
-6.23961, -2.64491, -8.18692, 3.09583, 0.0200189, -3.05839, -0.196172, 0.814313, -9.76414
-5.59453, -2.12837, -8.78201, 3.09102, 0.0229629, -3.06742, -0.225017, 0.726023, -9.77048
-5.21367, -1.54756, -9.02957, 3.08184, 0.0244248, -3.07923, -0.239339, 0.610558, -9.77803
-4.64476, -1.08339, -9.41281, 3.08184, 0.0244248, -3.07923, -0.239339, 0.610558, -9.77803
-4.64476, -1.08339, -9.41281, 3.06855, 0.0246005, -3.091, -0.241061, 0.495455, -9.7845
-3.96635, -0.600174, -10.0722, 3.05235, 0.0254407, -3.10135, -0.249293, 0.394187, -9.7889
-3.75688, -0.395462, -10.1341, 3.03368, 0.0269861, -3.11014, -0.264432, 0.308057, -9.79159
-3.55217, -0.543045, -9.96268, 3.01386, 0.0297432, -3.11796, -0.29144, 0.231516, -9.79293
-3.55217, -0.543045, -9.96268, 3.01386, 0.0297432, -3.11796, -0.29144, 0.231516, -9.79293
-3.04753, -0.800125, -10.2459, 2.99467, 0.0343324, -3.1259, -0.336392, 0.153724, -9.79302
-2.75475, -0.759659, -10.4887, 2.99467, 0.0343324, -3.1259, -0.336392, 0.153724, -9.79302
-2.47386, -0.654922, -10.5744, 2.9737, 0.0398662, -3.13438, -0.390584, 0.0706809, -9.79196
-2.47386, -0.654922, -10.5744, 2.95176, 0.0445931, 3.14138, -0.436868, -0.00205609, -9.79026
-2.13823, -0.63826, -10.3745, 2.93175, 0.0476958, 3.13594, -0.467242, -0.055345, -9.7887
-1.72881, -0.933426, -10.1888, 2.91186, 0.049728, 3.13108, -0.487133, -0.102871, -9.78734
-0.959946, -1.85463, -10.0246, 2.91186, 0.049728, 3.13108, -0.487133, -0.102871, -9.78734
-0.959946, -1.85463, -10.0246, 2.89041, 0.0521526, 3.12681, -0.510864, -0.144639, -9.78561
-0.076828, -2.14503, -10.3673, 2.86774, 0.056973, 3.12197, -0.558032, -0.191954, -9.78222
0.958633, -1.65468, -10.8696, 2.86774, 0.056973, 3.12197, -0.558032, -0.191954, -9.78222
0.958633, -1.65468, -10.8696, 2.84543, 0.0638981, 3.11349, -0.625774, -0.274848, -9.77614
1.62752, -1.20717, -10.6054, 2.82605, 0.0689836, 3.102, -0.675503, -0.386958, -9.76903
2.951, -1.24049, -10.5292, 2.8109, 0.0697851, 3.09174, -0.68334, -0.487188, -9.764
3.73653, -0.707291, -11.4861, 2.79352, 0.0672671, 3.08445, -0.65872, -0.558448, -9.76188
3.73653, -0.707291, -11.4861, 2.79352, 0.0672671, 3.08445, -0.65872, -0.558448, -9.76188
4.15309, -0.64064, -11.0005, 2.77203, 0.0641845, 3.08153, -0.628576, -0.587035, -9.76219
4.56728, 0.121078, -10.7577, 2.77203, 0.0641845, 3.08153, -0.628576, -0.587035, -9.76219
4.43159, 0.38768, -10.2079, 2.75321, 0.0625817, 3.0809, -0.6129, -0.593305, -9.7628
4.04597, 0.559067, -9.92935, 2.73313, 0.0600444, 3.07848, -0.588081, -0.616949, -9.76287
3.28188, 0.299606, -9.9841, 2.73313, 0.0600444, 3.07848, -0.588081, -0.616949, -9.76287
3.28188, 0.299606, -9.9841, 2.72959, 0.0576374, 3.07628, -0.564534, -0.638547, -9.76287
2.50349, -0.38356, -9.76035, 2.72576, 0.0544235, 3.07441, -0.533088, -0.656968, -9.76341
2.07503, -0.483536, -10.1483, 2.72576, 0.0544235, 3.07441, -0.533088, -0.656968, -9.76341
1.91316, -0.207413, -10.4649, 2.72016, 0.0505627, 3.07166, -0.495303, -0.683898, -9.76355
1.91316, -0.207413, -10.4649, 2.71705, 0.0455178, 3.06855, -0.445921, -0.71445, -9.76375
1.70845, -0.271683, -10.6649, 2.71597, 0.0379551, 3.06713, -0.371871, -0.728532, -9.76581
1.29665, -0.631119, -10.3078, 2.71358, 0.0293137, 3.06737, -0.287232, -0.726413, -9.76882
0.913406, -0.621597, -10.4102, 2.71358, 0.0293137, 3.06737, -0.287232, -0.726413, -9.76882
0.913406, -0.621597, -10.4102, 2.71059, 0.0233147, 3.06731, -0.22846, -0.727144, -9.77032
0.803909, -0.214554, -10.6316, 2.70946, 0.0208424, 3.06721, -0.204243, -0.728084, -9.77078
0.587296, 0.06633, -10.5887, 2.70946, 0.0208424, 3.06721, -0.204243, -0.728084, -9.77078
0.587296, 0.06633, -10.5887, 2.71084, 0.0201555, 3.06805, -0.197508, -0.719908, -9.77153
0.249283, 0.32341, -10.4149, 2.7125, 0.0194538, 3.06896, -0.190637, -0.711056, -9.77231
-0.057785, 0.421005, -10.2888, 2.7125, 0.0194538, 3.06896, -0.190637, -0.711056, -9.77231
-0.057785, 0.421005, -10.2888, 2.7141, 0.0187788, 3.0702, -0.18402, -0.698973, -9.77331
-0.224411, 0.456711, -10.2626, 2.71686, 0.0194449, 3.07249, -0.19055, -0.676502, -9.77477
-0.255356, 0.39006, -10.4388, 2.72088, 0.0227304, 3.07567, -0.222736, -0.645427, -9.77619
-0.210129, 0.45195, -10.334, 2.72088, 0.0227304, 3.07567, -0.222736, -0.645427, -9.77619
-0.210129, 0.45195, -10.334, 2.7252, 0.0286535, 3.07902, -0.280766, -0.612608, -9.7768
-0.364853, 0.561447, -10.2697, 2.73008, 0.0355571, 3.08188, -0.348386, -0.5845, -9.77635
-0.371994, 0.916122, -10.1864, 2.7364, 0.0412658, 3.08484, -0.404289, -0.555434, -9.77589
-0.455307, 0.880417, -10.1674, 2.74431, 0.0459466, 3.08956, -0.450118, -0.509138, -9.77641
-0.574326, 0.668564, -10.2459, 2.74431, 0.0459466, 3.08956, -0.450118, -0.509138, -9.77641
-0.574326, 0.668564, -10.2459, 2.7518, 0.0510489, 3.0966, -0.500062, -0.440179, -9.77733
-0.717148, 0.378159, -9.9841, 2.7518, 0.0510489, 3.0966, -0.500062, -0.440179, -9.77733
-0.676682, 0.444809, -10.1341, 2.75826, 0.0574606, 3.10346, -0.562804, -0.373008, -9.77671
-0.676682, 0.444809, -10.1341, 2.76563, 0.0653729, 3.10814, -0.640199, -0.327056, -9.7736
-0.752853, 0.751877, -10.0769, 2.77495, 0.0734081, 3.11111, -0.718753, -0.297893, -9.76907
-1.02184, 1.04704, -10.0555, 2.77495, 0.0734081, 3.11111, -0.718753, -0.297893, -9.76907
-1.02184, 1.04704, -10.0555, 2.78372, 0.0804282, 3.11525, -0.787347, -0.257326, -9.76493
-1.08134, 0.999435, -9.9603, 2.79275, 0.0875045, 3.12392, -0.85645, -0.172541, -9.76098
-0.902817, 0.768539, -9.58182, 2.79275, 0.0875045, 3.12392, -0.85645, -0.172541, -9.76098
-0.902817, 0.768539, -9.58182, 2.80333, 0.0959108, 3.13443, -0.938486, -0.0698901, -9.75471
-0.869492, 0.851852, -9.43661, 2.81547, 0.107832, 3.14088, -1.0547, -0.00691714, -9.74308
-0.771896, 1.27556, -9.49374, 2.81547, 0.107832, 3.14088, -1.0547, -0.00691714, -9.74308
-0.771896, 1.27556, -9.49374, 2.82523, 0.117227, 3.1413, -1.14619, -0.002816, -9.73274
-0.771896, 1.27556, -9.49374, 2.82523, 0.117227, 3.1413, -1.14619, -0.002816, -9.73274
-0.855209, 1.55168, -9.4509, 2.82523, 0.117227, 3.1413, -1.14619, -0.002816, -9.73274
-0.855209, 1.55168, -9.4509, 2.83843, 0.126655, 3.14116, -1.2379, -0.00425375, -9.7215
-0.905197, 1.33745, -9.48898, 2.85287, 0.133605, -3.1398, -1.30544, 0.0174259, -9.71265
-1.13847, 0.920883, -9.90317, 2.87782, 0.145903, -3.13229, -1.42478, 0.090165, -9.69546
-1.02184, 1.10179, -9.95078, 2.89046, 0.149714, -3.12912, -1.46173, 0.120864, -9.68962
-0.948044, 1.27556, -9.93649, 2.90649, 0.149845, -3.12588, -1.46299, 0.152274, -9.68899
-1.06468, 1.31841, -10.196, 2.92358, 0.146887, -3.12011, -1.43432, 0.208225, -9.69223
-1.00279, 0.678085, -10.4102, 2.93745, 0.143401, -3.1108, -1.40052, 0.298599, -9.69481
-1.00279, 0.678085, -10.4102, 2.93745, 0.143401, -3.1108, -1.40052, 0.298599, -9.69481
-0.738571, -0.354996, -10.8125, 2.9492, 0.138796, -3.10002, -1.35584, 0.403337, -9.69737
-0.686203, -0.243118, -10.5863, 2.96254, 0.130504, -3.09313, -1.27531, 0.470757, -9.70525
-0.550522, -0.362137, -10.1983, 2.9801, 0.119287, -3.08971, -1.16624, 0.504594, -9.71727
-0.550522, -0.362137, -10.1983, 2.9801, 0.119287, -3.08971, -1.16624, 0.504594, -9.71727
-0.769516, -1.00008, -10.2031, 3.00018, 0.108771, -3.08497, -1.06386, 0.551373, -9.72647
-0.769516, -1.00008, -10.2031, 3.02068, 0.104619, -3.08043, -1.0234, 0.595733, -9.72819
-0.702866, -1.31667, -10.2935, 3.02068, 0.104619, -3.08043, -1.0234, 0.595733, -9.72819
-0.00779724, -1.27144, -9.92697, 3.04056, 0.107777, -3.08007, -1.05417, 0.599043, -9.7247
-0.00779724, -1.27144, -9.92697, 3.06238, 0.112109, -3.08016, -1.09637, 0.597891, -9.72011
-0.122055, -1.62135, -10.3126, 3.06238, 0.112109, -3.08016, -1.09637, 0.597891, -9.72011
-0.564804, -1.79512, -9.12717, 3.08499, 0.11144, -3.07681, -1.08985, 0.630487, -9.71878
0.00410461, -2.10219, -8.89151, 3.08499, 0.11144, -3.07681, -1.08985, 0.630487, -9.71878
0.00410461, -2.10219, -8.89151, 3.10604, 0.109253, -3.07278, -1.06855, 0.669785, -9.71852
-0.386276, -2.63539, -9.7294, 3.12751, 0.1092, -3.07052, -1.06803, 0.691797, -9.71703
-1.57408, -3.23763, -9.63657, -3.13039, 0.109022, -3.07286, -1.0663, 0.669019, -9.71882
-2.36436, -2.90675, -9.22952, -3.10481, 0.109707, -3.08159, -1.07298, 0.584174, -9.72355
-2.36436, -2.90675, -9.22952, -3.10481, 0.109707, -3.08159, -1.07298, 0.584174, -9.72355
-1.67406, -1.24763, -9.94601, -3.08487, 0.116333, -3.09274, -1.1375, 0.475353, -9.72215
-0.912338, -1.15956, -9.48898, -3.08487, 0.116333, -3.09274, -1.1375, 0.475353, -9.72215
-0.781418, -1.69753, -8.10361, -3.07522, 0.123313, -3.09581, -1.20541, 0.445072, -9.71539
-0.781418, -1.69753, -8.10361, -3.07338, 0.123209, -3.09011, -1.2044, 0.500516, -9.71282
-0.707626, -1.55946, -8.57254, -3.07156, 0.120711, -3.08785, -1.1801, 0.522569, -9.71464
-0.936142, -0.645401, -9.53897, -3.06889, 0.117818, -3.09414, -1.15195, 0.461675, -9.7211
-0.936142, -0.645401, -9.53897, -3.06889, 0.117818, -3.09414, -1.15195, 0.461675, -9.7211
-1.26463, -0.750137, -10.0841, -3.06882, 0.111991, -3.09943, -1.09522, 0.410441, -9.72996
-0.779037, -0.228836, -9.55563, -3.07329, 0.104196, -3.09792, -1.01927, 0.425576, -9.73755
-0.438644, -0.290726, -9.36996, -3.07875, 0.0978616, -3.0936, -0.957513, 0.467874, -9.74188
-0.493393, -0.633499, -9.17715, -3.08107, 0.0941674, -3.09339, -0.921478, 0.470135, -9.74525
-0.786179, -0.964371, -9.64371, -3.07847, 0.0924708, -3.09968, -0.904923, 0.408842, -9.74956
-0.786179, -0.964371, -9.64371, -3.07847, 0.0924708, -3.09968, -0.904923, 0.408842, -9.74956
-0.786179, -0.964371, -9.64371, -3.07847, 0.0924708, -3.09968, -0.904923, 0.408842, -9.74956
-1.72404, -1.60707, -10.2912, -3.07328, 0.0918041, -3.11067, -0.898417, 0.301684, -9.75407
-1.72404, -1.60707, -10.2912, -3.06749, 0.0896782, -3.12106, -0.877669, 0.200416, -9.75856
-1.65739, -2.21883, -10.503, -3.06346, 0.0855912, -3.13123, -0.83777, 0.101197, -9.7636
-1.25035, -1.70467, -9.67465, -3.06346, 0.0855912, -3.13123, -0.83777, 0.101197, -9.7636
-1.02422, -1.49995, -10.2816, -3.06127, 0.0808319, 3.13946, -0.791291, -0.020829, -9.76798
-1.02422, -1.49995, -10.2816, -3.06279, 0.0771852, 3.12753, -0.755664, -0.137418, -9.76986
-0.838547, -1.80464, -10.1912, -3.06769, 0.0721682, 3.12071, -0.706635, -0.204067, -9.77236
-0.883774, -2.3069, -9.29379, -3.06769, 0.0721682, 3.12071, -0.706635, -0.204067, -9.77236
-1.34081, -1.66182, -9.18906, -3.0745, 0.0652231, 3.1186, -0.638734, -0.224805, -9.77658
-1.34081, -1.66182, -9.18906, -3.08246, 0.0628209, 3.11516, -0.61524, -0.258543, -9.77725
-0.969467, -1.37379, -9.9841, -3.08937, 0.0660436, 3.10811, -0.646757, -0.327367, -9.77315
-0.302963, -1.67372, -10.703, -3.09449, 0.0662781, 3.09997, -0.64905, -0.406863, -9.77002
-0.255356, -1.95699, -9.56277, -3.09777, 0.0576467, 3.09448, -0.564624, -0.460771, -9.77287
-0.255356, -1.95699, -9.56277, -3.09777, 0.0576467, 3.09448, -0.564624, -0.460771, -9.77287
-0.650497, -2.25215, -9.89603, -3.09777, 0.0576467, 3.09448, -0.564624, -0.460771, -9.77287
-0.350571, -2.50209, -9.62466, -3.10319, 0.0457115, 3.09176, -0.447816, -0.487624, -9.77761
-0.350571, -2.50209, -9.62466, -3.10319, 0.0457115, 3.09176, -0.447816, -0.487624, -9.77761
-0.0435028, -1.74275, -10.1245, -3.12047, 0.0353889, 3.08317, -0.346739, -0.571882, -9.77715
0.35878, -1.83797, -10.015, -3.12553, 0.0335015, 3.07482, -0.328253, -0.653514, -9.77268
0.4897, -2.22121, -9.20096, -3.12742, 0.027333, 3.06712, -0.26783, -0.728888, -9.76919
0.4897, -2.22121, -9.20096, -3.12742, 0.027333, 3.06712, -0.26783, -0.728888, -9.76919
-0.638596, -1.71895, -9.97696, -3.13132, 0.0214513, 3.06236, -0.210206, -0.775445, -9.76701
-0.638596, -1.71895, -9.97696, 3.14109, 0.0222352, 3.05927, -0.217886, -0.805629, -9.7644
0.0564728, -1.10957, -11.0172, 3.14109, 0.0222352, 3.05927, -0.217886, -0.805629, -9.7644
0.235001, -1.34285, -11.0005, 3.11583, 0.0201086, 3.06359, -0.197051, -0.763496, -9.76823
-0.4077, -2.10219, -10.4292, 3.10785, 0.012297, 3.07016, -0.120508, -0.699396, -9.77427
-0.690964, -2.10457, -10.3435, 3.10785, 0.012297, 3.07016, -0.120508, -0.699396, -9.77427
-0.690964, -2.10457, -10.3435, 3.09973, 0.00948884, 3.06992, -0.0929892, -0.701733, -9.7744
0.0398102, -2.09743, -11.0957, 3.09099, 0.0140906, 3.06186, -0.138083, -0.780453, -9.7679
-0.133957, -1.6523, -11.1029, 3.08392, 0.0220039, 3.051, -0.138083, -0.780453, -9.7679
-0.133957, -1.6523, -11.1029, 3.08392, 0.0220039, 3.051, -0.215621, -0.886398, -9.75745
-0.526718, -1.99031, -10.5411, 3.07891, 0.0284359, 3.04511, -0.278635, -0.943653, -9.75048
-0.541, -2.03554, -10.0365, 3.0727, 0.0302619, 3.04642, -0.296521, -0.930814, -9.75119
-0.541, -2.03554, -10.0365, 3.0727, 0.0302619, 3.04642, -0.296521, -0.930814, -9.75119
-0.141098, -2.10695, -10.0555, 3.06317, 0.0299265, 3.04804, -0.293236, -0.915087, -9.75278
-0.0744476, -2.6711, -10.0627, 3.06317, 0.0299265, 3.04804, -0.293236, -0.915087, -9.75278
-0.307724, -1.68562, -9.3295, 3.05284, 0.0314895, 3.04328, -0.308546, -0.961458, -9.74784
-0.307724, -1.68562, -9.3295, 3.04409, 0.0337603, 3.03648, -0.330788, -1.02761, -9.74036
0.142166, -2.1736, -9.41043, 3.03304, 0.0343678, 3.03474, -0.336738, -1.04456, -9.73835
0.254044, -2.01888, -10.0936, 3.01772, 0.0326801, 3.03504, -0.320208, -1.04165, -9.73922
0.254044, -2.01888, -10.0936, 3.01772, 0.0326801, 3.03504, -0.320208, -1.04165, -9.73922
-0.0149384, -1.20717, -9.41757, 3.0028, 0.0291736, 3.03378, -0.285862, -1.05411, -9.73895
0.089798, -1.75465, -9.13431, 3.0028, 0.0291736, 3.03378, -0.285862, -1.05411, -9.73895
0.249283, -0.490677, -10.5006, 2.98636, 0.0249512, 3.03143, -0.244496, -1.07712, -9.73756
0.249283, -0.490677, -10.5006, 2.96278, 0.0191699, 3.02546, -0.187853, -1.13533, -9.7322
0.408768, -0.659683, -10.0246, 2.94099, 0.011615, 3.01798, -0.113822, -1.2082, -9.72457
0.496841, -0.466873, -9.72702, 2.91721, 0.00277687, 3.00842, -0.0272123, -1.30125, -9.71319
0.642044, -0.393082, -9.45566, 2.91721, 0.00277687, 3.00842, -0.0272123, -1.30125, -9.71319
0.696793, -0.714432, -9.50089, 2.89187, -0.00364916, 3.0005, 0.0357626, -1.37814, -9.70255
0.696793, -0.714432, -9.50089, 2.86509, -0.00762181, 2.99869, 0.07469, -1.39568, -9.69982
0.596817, -0.916763, -8.64871, 2.83525, -0.00948704, 3.00037, 0.0929727, -1.37936, -9.702
1.55849, -0.288345, -9.50089, 2.80355, -0.00733139, 2.99777, 0.0718457, -1.4046, -9.69855
1.52516, 0.904221, -10.6958, 2.77493, -0.00699723, 2.99402, 0.068571, -1.44091, -9.69325
1.52516, 0.904221, -10.6958, 2.77493, -0.00699723, 2.99402, 0.068571, -1.44091, -9.69325
1.01338, 0.556686, -9.91031, 2.77493, -0.00699723, 2.99402, 0.068571, -1.44091, -9.69325
0.784866, 0.461472, -9.79367, 2.74742, -0.0136226, 2.99652, 0.133495, -1.41659, -9.69616
1.41328, 1.17082, -10.6482, 2.71789, -0.0192279, 2.99795, 0.188422, -1.40264, -9.69727
1.41328, 1.17082, -10.6482, 2.68932, -0.017185, 2.98934, 0.168404, -1.48609, -9.6852
1.55373, 1.28984, -11.2409, 2.66491, -0.0137207, 2.97797, 0.134457, -1.59619, -9.6682
0.889603, 1.12083, -10.7268, 2.64507, -0.0140231, 2.97543, 0.137421, -1.62077, -9.66407
0.889603, 1.12083, -10.7268, 2.64507, -0.0140231, 2.97543, 0.137421, -1.62077, -9.66407
0.649185, 0.820908, -10.1222, 2.62618, -0.0142346, 2.97764, 0.139496, -1.59941, -9.6676
0.896744, 1.19939, -10.015, 2.60616, -0.00655626, 2.97242, 0.0642521, -1.64991, -9.6599
0.989578, 1.65404, -9.95316, 2.60616, -0.00655626, 2.97242, 0.0642521, -1.64991, -9.6599
0.7444, 0.997055, -9.86032, 2.59035, 0.00741898, 2.96328, -0.0727029, -1.73821, -9.64434
0.7444, 0.997055, -9.86032, 2.57813, 0.0170328, 2.96298, -0.166915, -1.74084, -9.6427
0.599197, 1.18034, -9.90793, 2.56531, 0.0211818, 2.9674, -0.207566, -1.69811, -9.64952
0.599197, 1.18034, -9.90793, 2.56531, 0.0211818, 2.9674, -0.207566, -1.69811, -9.64952
0.589676, 1.50407, -10.0769, 2.56531, 0.0211818, 2.9674, -0.207566, -1.69811, -9.64952
0.630142, 1.57787, -9.95792, 2.55538, 0.0248363, 2.96533, -0.243369, -1.71791, -9.64518
0.384964, 1.7802, -9.7175, 2.55125, 0.03007, 2.9572, -0.29464, -1.79598, -9.62952
0.384964, 1.7802, -9.7175, 2.55122, 0.0348847, 2.95397, -0.341801, -1.82681, -9.62216
0.480179, 0.299606, -10.265, 2.55179, 0.0374817, 2.96228, -0.367237, -1.74659, -9.63611
0.318314, -0.795364, -10.7077, 2.55314, 0.0384611, 2.972, -0.376825, -1.65283, -9.65226
0.318314, -0.795364, -10.7077, 2.55314, 0.0384611, 2.972, -0.376825, -1.65283, -9.65226
-0.103012, -0.390701, -9.94363, 2.55314, 0.0384611, 2.972, -0.376825, -1.65283, -9.65226
-0.117294, -0.462112, -9.7532, 2.55717, 0.0379587, 2.97468, -0.371904, -1.62703, -9.65684
-0.181564, -1.08577, -10.0531, 2.56363, 0.0370873, 2.97636, -0.363374, -1.61082, -9.65988
-0.355331, -1.53566, -10.0008, 2.57078, 0.0363426, 2.98367, -0.356079, -1.54024, -9.67165
-0.355331, -1.53566, -10.0008, 2.57677, 0.0351786, 2.99291, -0.344677, -1.45086, -9.68588
-0.267258, -1.71181, -10.1745, 2.58254, 0.0339359, 2.99756, -0.332506, -1.40582, -9.69294
-0.267258, -1.71181, -10.1745, 2.58254, 0.0339359, 2.99756, -0.332506, -1.40582, -9.69294
-0.452927, -1.29048, -10.1293, 2.58962, 0.0326513, 2.99836, -0.319925, -1.39815, -9.69447
-0.636215, -1.23811, -9.88889, 2.59701, 0.0310404, 3.00093, -0.304147, -1.37331, -9.69853
-0.614792, -1.39284, -10.0079, 2.60338, 0.0305659, 3.00651, -0.299499, -1.31919, -9.70619
-0.47673, -1.11195, -10.1222, 2.60807, 0.0325687, 3.01073, -0.319118, -1.27815, -9.71105
-0.374374, -0.931046, -9.91031, 2.61343, 0.0351475, 3.01349, -0.344373, -1.25119, -9.7137
-0.374374, -0.931046, -9.91031, 2.61343, 0.0351475, 3.01349, -0.344373, -1.25119, -9.7137
-0.569565, -0.623978, -9.64847, 2.61343, 0.0351475, 3.01349, -0.344373, -1.25119, -9.7137
-0.571945, -0.623978, -9.81509, 2.61952, 0.0362858, 3.01665, -0.355524, -1.22048, -9.7172
-0.552902, -0.862015, -9.64371, 2.62553, 0.0361831, 3.02181, -0.354517, -1.17028, -9.72341
-0.552902, -0.862015, -9.64371, 2.63246, 0.0363984, 3.02916, -0.356627, -1.09884, -9.73167
-0.517197, -0.683487, -9.50089, 2.63874, 0.0383288, 3.03333, -0.375529, -1.05815, -9.73547
-0.317245, -0.590652, -9.6199, 2.64533, 0.0412511, 3.03652, -0.404146, -1.02693, -9.73766
-0.317245, -0.590652, -9.6199, 2.64533, 0.0412511, 3.03652, -0.404146, -1.02693, -9.73766
-0.291061, -0.683487, -9.87698, 2.64533, 0.0412511, 3.03652, -0.404146, -1.02693, -9.73766
-0.364853, -0.926285, -9.52945, 2.65185, 0.0419822, 3.04243, -0.411305, -0.969327, -9.74327
-0.455307, -0.900101, -9.71512, 2.65912, 0.040531, 3.04951, -0.397094, -0.900444, -9.75046
-0.414841, -0.807266, -9.93411, 2.67663, 0.0403629, 3.05436, -0.395447, -0.85308, -9.75479
-0.414841, -0.807266, -9.93411, 2.67663, 0.0403629, 3.05436, -0.395447, -0.85308, -9.75479
-0.464828, -0.785843, -10.1007, 2.6853, 0.0390174, 3.05709, -0.382274, -0.826549, -9.7576
-0.464828, -0.785843, -10.1007, 2.6853, 0.0390174, 3.05709, -0.382274, -0.826549, -9.7576
-0.636215, -0.745377, -10.2555, 2.6853, 0.0390174, 3.05709, -0.382274, -0.826549, -9.7576
-0.633835, -0.707291, -10.2293, 2.69168, 0.0360881, 3.06245, -0.353586, -0.774317, -9.76296
-0.576706, -0.762039, -10.3983, 2.70531, 0.034466, 3.0694, -0.3377, -0.706414, -9.76867
-0.695724, -0.404984, -10.2793, 2.71045, 0.035618, 3.07107, -0.348982, -0.690132, -9.76944
-0.755234, -0.116959, -9.97458, 2.71753, 0.038248, 3.0762, -0.374739, -0.639933, -9.7719
-0.755234, -0.116959, -9.97458, 2.71753, 0.038248, 3.0762, -0.374739, -0.639933, -9.7719
-0.755234, -0.116959, -9.97458, 2.71753, 0.038248, 3.0762, -0.374739, -0.639933, -9.7719
-0.686203, -0.197891, -9.73416, 2.72541, 0.0421345, 3.08524, -0.412796, -0.551481, -9.77576
-0.486252, -0.278824, -9.81509, 2.731, 0.045946, 3.09135, -0.450113, -0.491648, -9.7773
-0.598129, 0.0972748, -9.55325, 2.73809, 0.0494718, 3.09653, -0.484625, -0.440939, -9.77807
-0.381516, 0.335312, -9.59848, 2.74663, 0.052311, 3.10269, -0.512413, -0.380647, -9.77919
-0.224411, 0.0401459, -9.87936, 2.75613, 0.0528512, 3.11094, -0.517701, -0.299956, -9.78172
-0.224411, 0.0401459, -9.87936, 2.75613, 0.0528512, 3.11094, -0.517701, -0.299956, -9.78172
-0.333908, -0.297867, -9.96744, 2.76421, 0.050984, 3.11841, -0.499427, -0.2269, -9.78464
-0.426743, -0.524002, -9.95316, 2.76421, 0.050984, 3.11841, -0.499427, -0.2269, -9.78464
-0.426743, -0.524002, -9.95316, 2.77142, 0.048901, 3.12308, -0.479039, -0.181171, -9.78661
-0.455307, -0.169327, -9.50327, 2.77685, 0.0485227, 3.12542, -0.475335, -0.158333, -9.78718
-0.248215, -0.114578, -9.82938, 2.78445, 0.0495325, 3.12991, -0.485219, -0.114316, -9.78731
-0.260117, -0.619217, -10.0698, 2.79206, 0.0486948, 3.13674, -0.477021, -0.0474845, -9.78827
-0.260117, -0.619217, -10.0698, 2.79206, 0.0486948, 3.13674, -0.477021, -0.0474845, -9.78827
-0.391037, -0.493057, -9.89603, 2.79558, 0.0461698, 3.14052, -0.452303, -0.0104687, -9.78955
-0.341049, -0.0217438, -10.0746, 2.79558, 0.0461698, 3.14052, -0.452303, -0.0104687, -9.78955
-0.341049, -0.0217438, -10.0746, 2.79984, 0.044455, -3.14137, -0.435515, 0.00217557, -9.79032
-0.338669, -0.214554, -10.3864, 2.80645, 0.0432572, -3.13833, -0.423788, 0.0319867, -9.79078
-0.702866, -0.00508118, -9.84842, 2.80645, 0.0432572, -3.13833, -0.423788, 0.0319867, -9.79078
-0.702866, -0.00508118, -9.84842, 2.80977, 0.0421593, -3.13377, -0.413038, 0.076607, -9.79099
-0.367233, -0.302628, -10.1174, 2.812, 0.0437001, -3.12755, -0.428124, 0.137484, -9.78968
-0.431503, -0.000320435, -10.3007, 2.81356, 0.0440309, -3.12316, -0.431364, 0.180496, -9.78884
-0.631454, 0.340073, -10.0174, 2.81356, 0.0440309, -3.12316, -0.431364, 0.180496, -9.78884
-0.631454, 0.340073, -10.0174, 2.81765, 0.0422404, -3.11846, -0.413833, 0.226508, -9.78864
-0.576706, 0.356735, -9.75558, 2.82087, 0.0421707, -3.11621, -0.41315, 0.248552, -9.78813
-0.529099, 0.96373, -9.97458, 2.82087, 0.0421707, -3.11621, -0.41315, 0.248552, -9.78813
-0.383896, 0.585251, -10.2031, 2.83349, 0.0454651, -3.10788, -0.445404, 0.330018, -9.78431
-0.631454, 0.363876, -9.85794, 2.83349, 0.0454651, -3.10788, -0.445404, 0.330018, -9.78431
-0.631454, 0.363876, -9.85794, 2.8381, 0.0436288, -3.09903, -0.427426, 0.416641, -9.78181
-0.802841, 0.292465, -9.59848, 2.8381, 0.0436288, -3.09903, -0.427426, 0.416641, -9.78181
-0.514816, 0.632858, -9.40805, 2.84041, 0.0431668, -3.09358, -0.422903, 0.469878, -9.77959
-0.324387, 1.14702, -9.88651, 2.84319, 0.0477584, -3.09593, -0.467854, 0.446878, -9.77862
-0.324387, 1.14702, -9.88651, 2.85113, 0.0552872, -3.1013, -0.541538, 0.394139, -9.77709
-0.443405, 1.07561, -9.87698, 2.86258, 0.0597114, -3.09829, -0.584823, 0.423494, -9.77336
-0.47673, 0.0401459, -9.55087, 2.87019, 0.0597311, -3.08811, -0.585016, 0.522967, -9.76853
-0.47673, 0.0401459, -9.55087, 2.87019, 0.0597311, -3.08811, -0.585016, 0.522967, -9.76853
-0.688583, 0.435287, -8.96768, 2.86969, 0.0608054, -3.08448, -0.595526, 0.558333, -9.76594
-0.690964, 0.918503, -8.49399, 2.86969, 0.0608054, -3.08448, -0.595526, 0.558333, -9.76594
-0.424362, 1.71593, -8.75107, 2.87318, 0.0682313, -3.08945, -0.668148, 0.509611, -9.76391
-0.424362, 1.71593, -8.75107, 2.87873, 0.0803756, -3.10221, -0.786833, 0.384589, -9.76079
-0.464828, 1.2946, -9.3533, 2.87873, 0.0803756, -3.10221, -0.786833, 0.384589, -9.76079
-0.621933, 0.366257, -9.49374, 2.88866, 0.0947482, -3.11456, -0.927144, 0.263679, -9.75248
-0.621933, 0.366257, -9.49374, 2.88866, 0.0947482, -3.11456, -0.927144, 0.263679, -9.75248
-0.588608, -0.371658, -9.76749, 2.89068, 0.094591, -3.11318, -0.92561, 0.277214, -9.75225
-0.726669, 0.368637, -10.146, 2.89068, 0.094591, -3.11318, -0.92561, 0.277214, -9.75225
-0.914719, 0.204391, -9.91983, 2.89242, 0.0939463, -3.11159, -0.91932, 0.292698, -9.75239
-0.85997, 0.25676, -9.9603, 2.89321, 0.0930284, -3.10886, -0.910364, 0.319381, -9.7524
-0.85997, 0.25676, -9.9603, 2.88979, 0.0930046, -3.10753, -0.910131, 0.332349, -9.75198
-0.645737, 0.378159, -9.34616, 2.88647, 0.0936835, -3.10762, -0.916755, 0.33146, -9.7514
-0.371994, 0.654282, -10.0722, 2.88647, 0.0936835, -3.10762, -0.916755, 0.33146, -9.7514
-0.371994, -0.000320435, -10.1103, 2.88765, 0.0950702, -3.1048, -0.930285, 0.358862, -9.74914
-0.371994, -0.000320435, -10.1103, 2.88765, 0.0950702, -3.1048, -0.930285, 0.358862, -9.74914
-0.371994, -0.000320435, -10.1103, 2.88765, 0.0950702, -3.1048, -0.930285, 0.358862, -9.74914
-0.371994, -0.000320435, -10.1103, 2.89178, 0.0954321, -3.09864, -0.933815, 0.418924, -9.74641
-0.486252, -0.838211, -10.0079, 2.89178, 0.0954321, -3.09864, -0.933815, 0.418924, -9.74641
-0.460068, -1.01674, -10.3364, 2.90145, 0.088475, -3.09644, -0.865924, 0.440663, -9.75172
-0.650497, -1.28334, -10.4388, 2.91152, 0.0842777, -3.09989, -0.824944, 0.407108, -9.75673
-0.724289, -1.36903, -10.265, 2.92214, 0.0791595, -3.10206, -0.774953, 0.386148, -9.76168
-0.724289, -1.36903, -10.265, 2.93134, 0.0738168, -3.10382, -0.722748, 0.369072, -9.76634
-0.66478, -1.50471, -10.3364, 2.93134, 0.0738168, -3.10382, -0.722748, 0.369072, -9.76634
-0.864731, -1.73561, -10.5649, 2.94577, 0.0693545, -3.1116, -0.679129, 0.293146, -9.77204
-0.864731, -1.73561, -10.5649, 2.94577, 0.0693545, -3.1116, -0.679129, 0.293146, -9.77204
-0.952805, -1.70467, -10.5078, 2.95243, 0.0697264, -3.11568, -0.682765, 0.253252, -9.77291
-0.952805, -1.62373, -10.5554, 2.95243, 0.0697264, -3.11568, -0.682765, 0.253252, -9.77291
-0.967087, -1.39284, -10.365, 2.95755, 0.071071, -3.11935, -0.69591, 0.217395, -9.77284
-0.967087, -1.39284, -10.365, 2.96117, 0.0727238, -3.1222, -0.712066, 0.189497, -9.77226
-0.976608, -1.2643, -10.2555, 2.96379, 0.0748093, -3.12389, -0.732448, 0.173041, -9.77106
-0.967087, -1.23573, -10.2055, 2.96605, 0.0773457, -3.12483, -0.757232, 0.16376, -9.76933
-1.03374, -1.06673, -10.1245, 2.96826, 0.0797361, -3.12609, -0.780586, 0.151412, -9.76769
-1.03374, -1.06673, -10.1245, 2.96826, 0.0797361, -3.12609, -0.780586, 0.151412, -9.76769
-1.02184, -0.662064, -9.98886, 2.97047, 0.0818, -3.12826, -0.800746, 0.130195, -9.76636
-0.98851, -0.297867, -9.91983, 2.97149, 0.083409, -3.1304, -0.816461, 0.109284, -9.76532
-1.02184, -0.100296, -9.82224, 2.97149, 0.083409, -3.1304, -0.816461, 0.109284, -9.76532
-1.02184, -0.100296, -9.82224, 2.97188, 0.0839709, -3.13125, -0.821948, 0.101003, -9.76495
-1.07658, -0.112198, -9.84366, 2.97159, 0.0841134, -3.13119, -0.82334, 0.101608, -9.76482
-1.05754, -0.00984192, -9.92459, 2.97159, 0.0841134, -3.13119, -0.82334, 0.101608, -9.76482
-1.05754, -0.00984192, -9.92459, 2.97097, 0.0846933, -3.13131, -0.829002, 0.100385, -9.76436
-1.04326, -0.0503082, -9.90079, 2.97029, 0.085146, -3.13175, -0.833423, 0.0960931, -9.76402
-0.952805, -0.0812531, -9.90317, 2.96938, 0.0851654, -3.1326, -0.833613, 0.08776, -9.76409
-1.02184, -0.300247, -9.53659, 2.96938, 0.0851654, -3.1326, -0.833613, 0.08776, -9.76409
-0.957565, -0.0883942, -9.78415, 2.96827, 0.0848822, -3.13276, -0.830847, 0.0862875, -9.76434
-0.957565, -0.0883942, -9.78415, 2.96688, 0.0849454, -3.13273, -0.831464, 0.0865505, -9.76428
-0.983749, 0.0163422, -9.81509, 2.96579, 0.0851823, -3.13297, -0.833777, 0.0842216, -9.7641
-1.00993, -0.240738, -9.56754, 2.96437, 0.084983, -3.13227, -0.831831, 0.0910115, -9.76421
-0.871872, -0.121719, -9.62466, 2.96253, 0.0846764, -3.13231, -0.828836, 0.0906209, -9.76447
-0.850449, -0.0883942, -9.63419, 2.96253, 0.0846764, -3.13231, -0.828836, 0.0906209, -9.76447
-0.92186, -0.169327, -9.55325, 2.96175, 0.0832543, -3.13648, -0.81495, 0.0499197, -9.76593
-0.843307, -0.0836334, -9.86508, 2.96175, 0.0832543, -3.13648, -0.81495, 0.0499197, -9.76593
-0.843307, -0.0836334, -9.86508, 2.96206, 0.0832855, -3.14002, -0.815254, 0.0153722, -9.76602
-0.85759, -0.164566, -9.82224, 2.96206, 0.0832855, -3.14002, -0.815254, 0.0153722, -9.76602
-0.73143, -0.245499, -9.85318, 2.96191, 0.0837663, 3.1399, -0.81995, -0.0165393, -9.76562
-0.848068, -0.036026, -9.91745, 2.96202, 0.0842899, 3.13732, -0.825063, -0.0417611, -9.76512
-0.848068, -0.036026, -9.91745, 2.96148, 0.083817, 3.13541, -0.820445, -0.060342, -9.76541
-0.86235, -0.131241, -9.62228, 2.96005, 0.0813793, 3.13498, -0.796637, -0.0645807, -9.76735
-0.826645, 0.0639496, -9.73416, 2.95852, 0.0782949, 3.13429, -0.766506, -0.0713098, -9.76972
-0.826645, 0.0639496, -9.73416, 2.95852, 0.0782949, 3.13429, -0.766506, -0.0713098, -9.76972
-0.724289, 0.0449066, -9.61038, 2.95852, 0.0782949, 3.13429, -0.766506, -0.0713098, -9.76972
-0.60527, -0.0741119, -9.81747, 2.95778, 0.0755, 3.1323, -0.739197, -0.0908333, -9.77166
-0.633835, 0.171066, -9.83414, 2.95852, 0.072537, 3.12943, -0.71024, -0.118926, -9.77351
-0.652878, 0.00205994, -9.88889, 2.96255, 0.0636689, 3.12591, -0.623535, -0.153329, -9.77894
-0.612411, -0.176468, -9.8746, 2.96255, 0.0636689, 3.12591, -0.623535, -0.153329, -9.77894
